{
	"format_version": "1.8.0",
	"animations": {
		"animation.barnacle.idle": {
			"loop": true,
			"animation_length": 1,
			"bones": {
				"h_all": {
					"rotation": {
						"0.0": {
							"vector": [0, 0, 0]
						},
						"0.5": {
							"vector": [0, 0, 0]
						},
						"1.0": {
							"vector": [0, 0, 0]
						}
					},
					"position": {
						"0.0": {
							"vector": [0, 7, 0]
						},
						"0.5": {
							"vector": [0, 6, 0]
						},
						"1.0": {
							"vector": [0, 7, 0]
						}
					}
				},
				"h_1": {
					"rotation": {
						"0.0": {
							"vector": [-6.95232, 10.79548, 23.45047]
						},
						"0.5": {
							"vector": [-1.86438, 5.83174, 24.05808]
						},
						"1.0": {
							"vector": [-6.95232, 10.79548, 23.45047]
						}
					},
					"position": {
						"0.0": {
							"vector": [-2, 2, 0]
						},
						"1.0": {
							"vector": [-2, 2, 0]
						}
					}
				},
				"h_2": {
					"rotation": {
						"0.0": {
							"vector": [-6.5686, -11.59094, -25.90821]
						},
						"0.5": {
							"vector": [-1.47749, -6.62327, -26.4833]
						},
						"1.0": {
							"vector": [-6.5686, -11.59094, -25.90821]
						}
					},
					"position": {
						"0.0": {
							"vector": [2, 2, 0]
						},
						"1.0": {
							"vector": [2, 2, 0]
						}
					}
				},
				"h_3": {
					"rotation": {
						"0.0": {
							"vector": [2.52889, 9.99519, -14.77882]
						},
						"0.5": {
							"vector": [-2.68573, 7.38669, -16.75079]
						},
						"1.0": {
							"vector": [2.52889, 9.99519, -14.77882]
						}
					},
					"position": {
						"0.0": {
							"vector": [-2, -2, 0]
						},
						"1.0": {
							"vector": [-2, -2, 0]
						}
					}
				},
				"h_4": {
					"rotation": {
						"0.0": {
							"vector": [2.51164, -11.74459, 16.27826]
						},
						"0.5": {
							"vector": [-2.45325, -6.74923, 16.05994]
						},
						"1.0": {
							"vector": [2.51164, -11.74459, 16.27826]
						}
					},
					"position": {
						"0.0": {
							"vector": [2, -2, 0]
						},
						"1.0": {
							"vector": [2, -2, 0]
						}
					}
				},
				"h_tongue": {
					"rotation": {
						"0.0": {
							"vector": [0, 0, 0]
						},
						"1.0": {
							"vector": [0, 0, 0]
						}
					},
					"position": {
						"0.0": {
							"vector": [0, 0, 0]
						},
						"1.0": {
							"vector": [0, 0, 0]
						}
					},
					"scale": {
						"0.0": {
							"vector": [1, 1, 1.4]
						},
						"0.5": {
							"vector": [1, 1, 1.1]
						},
						"1.0": {
							"vector": [1, 1, 1.4]
						}
					}
				}
			}
		},
		"animation.barnacle.walk": {
			"loop": true,
			"animation_length": 1,
			"bones": {
				"h_all": {
					"rotation": {
						"0.0": {
							"vector": [0, 0, 0]
						},
						"0.5": {
							"vector": [0, 0, 0]
						},
						"1.0": {
							"vector": [0, 0, 0]
						}
					},
					"position": {
						"0.0": {
							"vector": [0, 7, 0]
						},
						"0.5": {
							"vector": [0, 6, 0]
						},
						"1.0": {
							"vector": [0, 7, 0]
						}
					}
				},
				"h_1": {
					"rotation": {
						"0.0": {
							"vector": [-6.95232, 10.79548, 23.45047]
						},
						"0.5": {
							"vector": [-1.86438, 5.83174, 24.05808]
						},
						"1.0": {
							"vector": [-6.95232, 10.79548, 23.45047]
						}
					},
					"position": {
						"0.0": {
							"vector": [-2, 2, 0]
						},
						"1.0": {
							"vector": [-2, 2, 0]
						}
					}
				},
				"h_2": {
					"rotation": {
						"0.0": {
							"vector": [-6.5686, -11.59094, -25.90821]
						},
						"0.5": {
							"vector": [-1.47749, -6.62327, -26.4833]
						},
						"1.0": {
							"vector": [-6.5686, -11.59094, -25.90821]
						}
					},
					"position": {
						"0.0": {
							"vector": [2, 2, 0]
						},
						"1.0": {
							"vector": [2, 2, 0]
						}
					}
				},
				"h_3": {
					"rotation": {
						"0.0": {
							"vector": [2.52889, 9.99519, -14.77882]
						},
						"0.5": {
							"vector": [-2.68573, 7.38669, -16.75079]
						},
						"1.0": {
							"vector": [2.52889, 9.99519, -14.77882]
						}
					},
					"position": {
						"0.0": {
							"vector": [-2, -2, 0]
						},
						"1.0": {
							"vector": [-2, -2, 0]
						}
					}
				},
				"h_4": {
					"rotation": {
						"0.0": {
							"vector": [2.51164, -11.74459, 16.27826]
						},
						"0.5": {
							"vector": [-2.45325, -6.74923, 16.05994]
						},
						"1.0": {
							"vector": [2.51164, -11.74459, 16.27826]
						}
					},
					"position": {
						"0.0": {
							"vector": [2, -2, 0]
						},
						"1.0": {
							"vector": [2, -2, 0]
						}
					}
				},
				"h_tongue": {
					"rotation": {
						"0.0": {
							"vector": [0, 0, 0]
						},
						"1.0": {
							"vector": [0, 0, 0]
						}
					},
					"position": {
						"0.0": {
							"vector": [0, 0, 0]
						},
						"1.0": {
							"vector": [0, 0, 0]
						}
					},
					"scale": {
						"0.0": {
							"vector": [1, 1, 1.4]
						},
						"0.5": {
							"vector": [1, 1, 1.1]
						},
						"1.0": {
							"vector": [1, 1, 1.4]
						}
					}
				},
				"h_mouth": {
					"rotation": {
						"0.0": {
							"vector": [0, 0, 0]
						},
						"1.0": {
							"vector": [0, 0, -365]
						}
					},
					"position": {
						"vector": [0, 0, 0]
					}
				}
			}
		},
		"animation.barnacle.attack": {
			"animation_length": 0.6667,
			"override_previous_animation": true,
			"bones": {
				"h_all": {
					"rotation": {
						"0.0": {
							"vector": [0, 0, 0]
						},
						"0.125": {
							"vector": [-5, 0, 0]
						},
						"0.2083": {
							"vector": [-7.5, 0, 0]
						},
						"0.3333": {
							"vector": [0, 0, 0]
						},
						"0.5833": {
							"vector": [0, 0, 0]
						}
					},
					"position": {
						"0.0": {
							"vector": [0, 7, 0]
						},
						"0.125": {
							"vector": [0, 7, 1]
						},
						"0.2083": {
							"vector": [0, 7, 3]
						},
						"0.3333": {
							"vector": [0, 7, -2]
						},
						"0.4167": {
							"vector": [0, 7, -3]
						},
						"0.5833": {
							"vector": [0, 7, 0]
						}
					},
					"scale": {
						"0.0": {
							"vector": [1, 1, 1]
						},
						"0.125": {
							"vector": [1, 1, 1]
						},
						"0.2083": {
							"vector": [1.2, 1.2, 1]
						},
						"0.3333": {
							"vector": [1, 1, 1]
						},
						"0.5833": {
							"vector": [1, 1, 1]
						}
					}
				},
				"h_1": {
					"rotation": {
						"0.0": {
							"vector": [-6.95232, 10.79548, 23.45047]
						},
						"0.125": {
							"vector": [-20.08104, 25.67658, 21.45842]
						},
						"0.2083": {
							"vector": [-21.01549, 30.35899, 19.47099]
						},
						"0.3333": {
							"vector": [1.94804, 0.65484, 1.62974]
						},
						"0.4167": {
							"vector": [4.44892, -1.84372, 1.54474]
						},
						"0.5833": {
							"vector": [-6.95232, 10.79548, 23.45047]
						}
					},
					"position": {
						"0.0": {
							"vector": [-2, 2, 0]
						},
						"0.3333": {
							"vector": [0, 0, 0]
						},
						"0.5833": {
							"vector": [-2, 2, 0]
						}
					}
				},
				"h_2": {
					"rotation": {
						"0.0": {
							"vector": [-6.5686, -11.59094, -25.90821]
						},
						"0.125": {
							"vector": [-14.85865, -28.96423, -23.65498]
						},
						"0.2083": {
							"vector": [-16.14123, -36.19265, -21.27798]
						},
						"0.3333": {
							"vector": [2.73922, 4.61737, -0.75636]
						},
						"0.4167": {
							"vector": [5.25152, 7.1145, -0.636]
						},
						"0.5833": {
							"vector": [-6.5686, -11.59094, -25.90821]
						}
					},
					"position": {
						"0.0": {
							"vector": [2, 2, 0]
						},
						"0.3333": {
							"vector": [0, 0, 0]
						},
						"0.5833": {
							"vector": [2, 2, 0]
						}
					}
				},
				"h_3": {
					"rotation": {
						"0.0": {
							"vector": [2.52889, 9.99519, -14.77882]
						},
						"0.125": {
							"vector": [15.50787, 17.23124, -12.74802]
						},
						"0.2083": {
							"vector": [15.99247, 22.04378, -11.30741]
						},