{
	"format_version": "1.8.0",
	"animations": {
		"animation.skull.idle": {
			"loop": true,
			"animation_length": 0.75,
			"bones": {
				"flying_skull": {
					"rotation": {
						"0.0": {
							"vector": [0, 0, 0]
						},
						"0.15": {
							"vector": [7.5, 0, -5]
						},
						"0.5": {
							"vector": [-10, 0, 9.12]
						},
						"0.75": {
							"vector": [0, 0, 0]
						}
					},
					"position": {
						"0.0": {
							"vector": [0, 0, 0]
						},
						"0.15": {
							"vector": [0, -2, 0]
						},
						"0.25": {
							"vector": [0, -2, 0]
						},
						"0.45": {
							"vector": [0, 1.67, 0]
						},
						"0.55": {
							"vector": [0, 1.67, 0]
						},
						"0.75": {
							"vector": [0, 0, 0]
						}
					}
				},
				"h_head": {
					"rotation": {
						"0.0": {
							"vector": [1.00238, -0.57915, -7.31877]
						},
						"0.3": {
							"vector": [2.44081, -0.54094, 4.98848]
						},
						"0.5": {
							"vector": [7.04394, 1.81487, -5.15117]
						},
						"0.75": {
							"vector": [1.00238, -0.57915, -7.31877]
						}
					},
					"position": {
						"0.0": {
							"vector": [0, 0, 0]
						},
						"0.3": {
							"vector": [0, -1, 0]
						},
						"0.5": {
							"vector": [0, -0.36, 0]
						},
						"0.75": {
							"vector": [0, 0, 0]
						}
					}
				},
				"spine_part_one": {
					"rotation": {
						"0.0": {
							"vector": [-19.9299, -1.70818, -4.69986]
						},
						"0.1": {
							"vector": [-19.9299, -1.70818, -4.69986]
						},
						"0.4": {
							"vector": [-29.92055, 1.18188, -0.55014]
						},
						"0.5": {
							"vector": [-29.92055, 1.18188, -0.55014]
						},
						"0.75": {
							"vector": [-19.9299, -1.70818, -4.69986]
						}
					}
				},
				"spine_part_two": {
					"rotation": {
						"0.0": {
							"vector": [25, 0, -10]
						},
						"0.1": {
							"vector": [25, 0, -10]
						},
						"0.4": {
							"vector": [30.90686, -10.58927, 7.06488]
						},
						"0.5": {
							"vector": [30.90686, -10.58927, 7.06488]
						},
						"0.75": {
							"vector": [25, 0, -10]
						}
					}
				},
				"spine_part_three": {
					"rotation": {
						"0.0": {
							"vector": [0, 0, -20]
						},
						"0.1": {
							"vector": [0, 0, -20]
						},
						"0.4": {
							"vector": [0, 0, 17.5]
						},
						"0.5": {
							"vector": [0, 0, 17.5]
						},
						"0.75": {
							"vector": [0, 0, -20]
						}
					}
				},
				"left_wing": {
					"rotation": {
						"0.0": {
							"vector": [44.27887, -14.60559, -13.81465]
						},
						"0.05": {
							"vector": [62.34365, -31.42176, -34.04258]
						},
						"0.15": {
							"vector": [62.34365, -31.42176, -34.04258]
						},
						"0.25": {
							"vector": [97.98146, -11.52871, -2.81056]
						},
						"0.4": {
							"vector": [89.18936, -13.96809, 35.59575]
						},
						"0.45": {
							"vector": [105.53703, -13.27371, 51.01599]
						},
						"0.55": {
							"vector": [105.53703, -13.27371, 51.01599]
						},
						"0.65": {
							"vector": [65.86783, -25.2036, 27.67079]
						},
						"0.75": {
							"vector": [44.27887, -14.60559, -13.81465]
						}
					}
				},
				"right_wing": {
					"rotation": {
						"0.0": {
							"vector": [44.27887, 14.6056, 13.8147]
						},
						"0.05": {
							"vector": [62.34365, 31.4218, 34.0426]
						},
						"0.15": {
							"vector": [62.34365, 31.4218, 34.0426]
						},
						"0.25": {
							"vector": [97.98146, -11.52871, -2.81056]
						},
						"0.4": {
							"vector": [89.18936, 13.9681, -35.5958]
						},
						"0.45": {
							"vector": [105.53703, 13.2737, -51.016]
						},
						"0.55": {
							"vector": [105.53703, -13.27371, -51.016]
						},
						"0.65": {
							"vector": [65.86783, 25.2036, -27.6708]
						},
						"0.75": {
							"vector": [44.27887, 14.6056, 13.8147]
						}
					}
				},
				"jaw": {
					"rotation": {
						"0.0": {
							"vector": [34.9055, -2.49762, 4.33287]
						},
						"0.35": {
							"vector": [34.40533, -4.06305, -3.68771]
						},
						"0.75": {
							"vector": [34.9055, -2.49762, 4.33287]
						}
					},
					"position": {
						"0.0": {
							"vector": [0, 0, -0.3]
						},
						"0.75": {
							"vector": [0, 0, -0.3]
						}
					}
				}
			}
		},
		"animation.skull.walk": {
			"loop": true,
			"animation_length": 0.76,
			"override_previous_animation": true,
			"bones": {
				"flying_skull": {
					"rotation": {
						"0.0": {
							"vector": [0, 0, 0]
						},
						"0.16": {
							"vector": [7.5, 0, -5]
						},
						"0.52": {
							"vector": [-10, 0, 9.12]
						},
						"0.76": {
							"vector": [0, 0, 0]
						}
					},
					"position": {
						"0.0": {
							"vector": [0, 0, 0]
						},
						"0.16": {
							"vector": [0, -2, 0]
						},
						"0.24": {
							"vector": [0, -2, 0]
						},
						"0.44": {
							"vector": [0, 1.67, 0]
						},
						"0.56": {
							"vector": [0, 1.67, 0]
						},
						"0.76": {
							"vector": [0, 0, 0]
						}
					}
				},
				"h_head": {
					"rotation": {
						"0.0": {
							"vector": [13.31744, -2.32088, -0.0212]
						},
						"0.32": {
							"vector": [2.44081, -0.54094, 4.98848]
						},
						"0.52": {
							"vector": [19.54394, 1.81487, -5.15117]
						},
						"0.76": {
							"vector": [13.31744, -2.32088, -0.0212]
						}
					},
					"position": {
						"0.0": {
							"vector": [0, 0, 0]
						},
						"0.32": {
							"vector": [0, -1, 0]
						},
						"0.52": {
							"vector": [0, -0.36, 0]
						},
						"0.76": {
							"vector": [0, 0, 0]
						}
					}
				},
				"spine_part_one": {
					"rotation": {
						"0.0": {
							"vector": [10, 0, 0]
						},
						"0.24": {
							"vector": [27.5, 0, 0]
						},
						"0.52": {
							"vector": [13.08, 0, 0]
						},
						"0.76": {
							"vector": [10, 0, 0]
						}
					}
				},
				"spine_part_two": {
					"rotation": {
						"0.0": {
							"vector": [70, 0, 0]
						},
						"0.24": {
							"vector": [45, 0, 0]
						},
						"0.52": {
							"vector": [53.46, 0, 0]
						},
						"0.76": {
							"vector": [70, 0, 0]
						}
					}
				},
				"spine_part_three": {
					"rotation": {
						"0.0": {
							"vector": [17.5, 0, 0]
						},
						"0.24": {
							"vector": [-5, 0, 0]
						},
						"0.52": {
							"vector": [2.12, 0, 0]
						},
						"0.76": {
							"vector": [17.5, 0, 0]
						}
					}
				},
				"left_wing": {
					"rotation": {
						"0.0": {
							"vector": [44.27887, -14.60559, -13.81465]
						},
						"0.04": {
							"vector": [62.34365, -31.42176, -34.04258]
						},
						"0.16": {
							"vector": [62.34365, -31.42176, -34.04258]
						},
						"0.24": {
							"vector": [97.98146, -11.52871, -2.81056]
						},
						"0.4": {
							"vector": [89.18936, -13.96809, 35.59575]
						},
						"0.44": {
							"vector": [105.53703, -13.27371, 51.01599]
						},
						"0.56": {
							"vector": [105.53703, -13.27371, 51.01599]
						},
						"0.64": {
							"vector": [65.86783, -25.2036, 27.67079]
						},
						"0.76": {
							"vector": [44.27887, -14.60559, -13.81465]
						}
					}
				},
				"right_wing": {
					"rotation": {
						"0.0": {
							"vector": [44.27887, 14.6056, 13.8147]
						},
						"0.04": {
							"vector": [62.34365, 31.4218, 34.0426]
						},
						"0.16": {
							"vector": [62.34365, 31.4218, 34.0426]
						},
						"0.24": {
							"vector": [97.98146, -11.52871, -2.81056]
						},
						"0.4": {
							"vector": [89.18936, 13.9681, -35.5958]
						},
						"0.44": {
							"vector": [105.53703, 13.2737, -51.016]
						},
						"0.56": {
							"vector": [105.53703, -13.27371, -51.016]
						},
						"0.64": {
							"vector": [65.86783, 25.2036, -27.6708]
						},
						"0.76": {
							"vector": [44.27887, 14.6056, 13.8147]
						}
					}
				},
				"jaw": {
					"rotation": {
						"0.0": {
							"vector": [34.9055, -2.49762, 4.33287]
						},
						"0.36": {
							"vector": [27.50968, -0.19101, -0.10481]
						},